Judul,Kategori
/u/app,communication
?? Football Wallpapers 4K | Full HD Backgrounds ??,entertainment
????????????EJ STYLE???????????,shopping
?????EY,communication
??NAVITIME?Timetable & Route Search in Japan Tokyo,maps_and_navigation
[EF]ShoutBox,communication
[verify-U] VideoIdent,communication
10 WPM Amateur ham radio CW Morse code trainer,communication
11st,shopping
2 Amateur ham radio CW Morse code practice keys TX,communication
20WPM Amateur ham radio Koch CW Morse code trainer,communication
2ndLine - Second Phone Number,communication
3G DZ Configuration,communication
4-T's Bar-BQ & Catering,shopping
A & B Taxi,maps_and_navigation
A&E - Watch Full Episodes of TV Shows,entertainment
A&E - Watch Full Episodes of TV Shows,entertainment
A&E - Watch Full Episodes of TV Shows,entertainment
AB Click2Shop,shopping
ABC Preschool Free,education
AC-BL,communication
Access Point Names,communication
Acorn TV: World-class TV from Britain and Beyond,entertainment
Ad Blocker Turbo - Adblocker Browser,communication
Adblock Browser for Android,communication
Adblock Plus for Samsung Internet - Browse safe.,communication
Adult Glitter Color by Number Book - Sandbox Pages,entertainment
"AE + Aerie: Jeans, Dresses, Swimsuits & Bralettes",shopping
AE Checkout Plugin,shopping
"AG Contacts, Lite edition",communication
"AG Contacts, Premium edition",communication
Ai La Trieu Phu - ALTP Free,education
Air Traffic,maps_and_navigation
AJ Nails Supply,shopping
AJ Percent Off Calculator,shopping
AJ Reminders,maps_and_navigation
AJ RETAILS,shopping
Aj.Petra,communication
AJ??? ?? ????,maps_and_navigation
AK Phone,communication
"AliExpress - Smarter Shopping, Better Living",shopping
"AliExpress - Smarter Shopping, Better Living",shopping
"AliExpress - Smarter Shopping, Better Living",shopping
"AliExpress - Smarter Shopping, Better Living",shopping
All Email Providers,communication
All States Ag Parts,shopping
Alopec - Online Shipping System,maps_and_navigation
Alzashop.com,shopping
Amadeus GR & CY,communication
Amazon for Tablets,shopping
Amazon for Tablets,shopping
Amazon Prime Video,entertainment
Amazon Shopping,shopping
Amazon Shopping,shopping
Amazon Shopping,shopping
AMC Theatres,entertainment
Android Messages,communication
Android Messages,communication
Animal Planet GO,entertainment
Annonces.ci,shopping
AntennaPict ?,communication
Antillean Gold Telegram (original version),communication
ASOS,shopping
ASOS,shopping
AT&T Call Protect,communication
AT&T DriveMode,maps_and_navigation
AT&T Messages for Tablet,communication
AT&T Visual Voicemail,communication
ATC Unico BS,communication
Atlan3D Navigation: Korea navigator,maps_and_navigation
AU Call Blocker - Block Unwanted Calls Texts 2018,communication
AudioBT: BT audio GPS/SMS/Text,communication
AV Phone,communication
AW - free video calls and chat,communication
A-Y Collection,shopping
AZ Browser. Private & Download,communication
AzadBazar.af,shopping
Azar,communication
B&H Photo Video Pro Audio,shopping
B&M Stores,shopping
BA SALES,communication
Babbel – Learn Languages,education
Babbel – Learn Languages,education
Babbel – Learn Languages,education
Babbel – Learn Spanish,education
Baby Monitor AV,communication
BackCountry Navigator TOPO GPS PRO,maps_and_navigation
Bar BQ Night Middlesbrough,shopping
Bazar.af,shopping
BBC Media Player,entertainment
BBM - Free Calls & Messages,communication
BBM - Free Calls & Messages,communication
BBMoji - Your personalized BBM Stickers,communication
BD Data Plan (3G & 4G),communication
BD Dialer,communication
BD Internet Packages (Updated),communication
BD Live Call,communication
Bee'ah Employee App,communication
Berlin Subway – BVG U-Bahn & S-Bahn map and routes,maps_and_navigation
Best Auto Call Recorder Free,communication
Best Browser BD social networking,communication
Best Buy,shopping
BET NOW - Watch Shows,entertainment
BET NOW - Watch Shows,entertainment
BET NOW - Watch Shows,entertainment
BF Browser by Betfilter - Stop Gambling Today!,communication
BH Mail,communication
Big Q Car Service,maps_and_navigation
bigbasket - online grocery,shopping
BJ - Confidential,communication
BJ Toys,shopping
BJ’s Mobile App,shopping
BJ's Express Scan,shopping
BJ's Wholesale Club,shopping
BK Chat,communication
BL Driver,maps_and_navigation
BL Flowers Digital,shopping
BL Taxi,maps_and_navigation
Blibli.com Online Shopping,shopping
Blidz - Hunt Free Deals On Trending Items!,shopping
Blinkist - Nonfiction Books,education
Blitzer.de,maps_and_navigation
BlueDV AMBE,communication
Bluetooth Auto Connect,communication
BM CRM,shopping
BN MALLORCA Radio,communication
Boxed Wholesale,shopping
BQ Partners,communication
Brave Browser: Fast AdBlocker,communication
Brilliant,education
Brilliant,education
BringGo AU & NZ,maps_and_navigation
British Columbia Transit Info,maps_and_navigation
Browser 4G,communication
BS MAPS,maps_and_navigation
BS-Mobile,communication
BT MeetMe with Dolby Voice,communication
BT Messenger,communication
BT Mobile,maps_and_navigation
BT One Phone Mobile App,communication
BT One Voice mobile access,communication
BU Bookstore,shopping
BU Bus Tracker,maps_and_navigation
Bukalapak - Buy and Sell Online,shopping
Burner - Free Phone Number,communication
Buscapé - Offers and discounts,shopping
"busuu: Learn Languages - Spanish, English & More",education
"busuu: Learn Languages - Spanish, English & More",education
"busuu: Learn Languages - Spanish, English & More",education
BV,communication
BV Taxi - Driver,maps_and_navigation
BV Taxi Sudan,maps_and_navigation
BW Taxi,maps_and_navigation
BZ Delivery,shopping
C Programming,education
C W Browser,communication
C.B. Shop,shopping
C++ Programming,education
C++ Tutorials,education
Call Blocker,communication
"Call Blocker - Blacklist, SMS Blocker",communication
Call Blocker & Blacklist,communication
Call Control - Call Blocker,communication
Call Free – Free Call,communication
"CallApp: Caller ID, Blocker & Phone Call Recorder",communication
"CallApp: Caller ID, Blocker & Phone Call Recorder",communication
Caller ID & Call Block - DU Caller,communication
Caller ID +,communication
Calls & Text by Mo+,communication
Calls & Text by Mo+,communication
Calls Blacklist - Call Blocker,communication
Calvin Klein – US Store,shopping
Canvas Student,education
"Carousell: Snap-Sell, Chat-Buy",shopping
"Carousell: Snap-Sell, Chat-Buy",shopping
Carpooling FH Hagenberg,communication
Cars Coloring Pages,education
Cb browser,communication
CB On Mobile,communication
CB Radio Chat - for friends!,communication
CBS - Full Episodes & Live TV,entertainment
CBS - Full Episodes & Live TV,entertainment
CD COMET,maps_and_navigation
CE Map - Interactive Conan Exiles Map,maps_and_navigation
Cestovné poriadky CP,maps_and_navigation
CF Chat: Connecting Friends,communication
Channel 19,communication
ChargeHub - Find EV & Tesla Charging Stations,maps_and_navigation
chat dz,communication
Checkout 51: Grocery coupons,shopping
Checkout 51: Grocery coupons,shopping
Checkout 51: Grocery coupons,shopping
CheckPoints ?? Rewards App,shopping
Chegg Study - Homework Help,education
Chilindo,shopping
chomp SMS,communication
Chrome Dev,communication
Chrome Dev,communication
CIA - Caller ID & Call Blocker,communication
Cinemark Theatres,entertainment
Cinematic Cinematic,entertainment
CIRCLE K,shopping
Circle ratio,maps_and_navigation
Citymapper - Transit Navigation,maps_and_navigation
CJ Browser - Fast & Private,communication
CJ DVD Rentals,communication
CJ WOW SHOP,shopping
CJmall,shopping
CJmall,shopping
CK Call NEW,communication
CK Multimedia - Gaming Accessories,shopping
ck-modelcars Shop,shopping
ck-modelcars-UK Shop,shopping
CL Mobile - Classifieds for Craigslist,shopping
CL Mobile Pro - Classifieds for Craigslist,shopping
CL Pro App for Craigslist,shopping
CL Pro Client for Craigslist,shopping
ClanHQ,communication
ClanPlay: Community and Tools for Gamers,communication
ClassDojo,education
ClassDojo,education
"Club Factory Everything, Unbeaten Price",shopping
cluster.dk,communication
"CM Browser - Ad Blocker , Fast Download , Privacy",communication
"CM Browser - Ad Blocker , Fast Download , Privacy",communication
CM Transfer - Share any files with friends nearby,communication
ColorFul - Adult Coloring Book,entertainment
Colorfy: Coloring Book for Adults - Free,entertainment
Comboios de Portugal,maps_and_navigation
Comedy Central,entertainment
Comedy Central,entertainment
Common Core,education
Compas BP Store,shopping
Compass,maps_and_navigation
Complete Spanish Movies,entertainment
Contacts,communication
Contacts+,communication
Convert Coordinates DM to DMS,maps_and_navigation
Cooking Channel,entertainment
Co-op Connections,shopping
Co-op Taxi,maps_and_navigation
Cordova BG Geolocation,maps_and_navigation
Council Voting Calculator,communication
Coupang,shopping
Coupon Mob - Discount Coupons,shopping
Coupon Sherpa,shopping
Coupons.com – Grocery Coupons & Cash Back Savings,shopping
Coursera: Online courses,education
Coursera: Online courses,education
CppDroid - C/C++ IDE,education
cPro Marketplace: Buy. Sell. Rent. Date. Jobs.,shopping
CQ-Alert,communication
CQ-Mobile,communication
Crackle - Free TV & Movies,entertainment
Crackle - Free TV & Movies,entertainment
Crackle - Free TV & Movies,entertainment
Cricket Visual Voicemail,communication
Crunchyroll - Everything Anime,entertainment
Crunchyroll - Everything Anime,entertainment
Crunchyroll - Everything Anime,entertainment
CS Browser | #1 & BEST BROWSER,communication
CS Browser Beta,communication
CS Customizer,communication
CV-RECORD Pro,communication
CW Beacon for Ham Radio,communication
CW BLE Peripheral Simulator,communication
CW Bluetooth SPP,communication
CW Ringtone (Morse Code generator),communication
CW Seed,entertainment
CW Studio ®,communication
CY Digital Net,shopping
Cy Messenger,communication
CY:ME - real time gps tracker,maps_and_navigation
Cyprus Bus Companion,maps_and_navigation
Czech Public Transport IDOS,maps_and_navigation
Daum Mail - Next Mail,communication
DB Busradar NRW,maps_and_navigation
DB Navigator,maps_and_navigation
DB Streckenagent,maps_and_navigation
DB Transport,maps_and_navigation
DC Metro,maps_and_navigation
DC Rider,maps_and_navigation
Deaf - Hearing chat device H,communication
Deaf World DW,communication
dekoreko-dz,shopping
DF ??,maps_and_navigation
DG - Digital Coupons - Free Coupon and Discount,shopping
DG Card,communication
DG Coupon,shopping
DG OFF - 100% Free Coupons & Deals,shopping
DHgate-Shop Wholesale Prices,shopping
Digital TV,entertainment
Dine In CT - Food Delivery,shopping
Dinosaurs Coloring Pages,education
Discord - Chat for Gamers,communication
Discovery Insure,maps_and_navigation
DK Browser,communication
DK TEL Dialer,communication
DM - The Offical Messaging App,communication
DM Collection,shopping
DM for WhatsApp,communication
DM Talk New,communication
DM Tracker,communication
DM TrackMan,maps_and_navigation
DMR BrandMeister Tool,communication
"Dollar General - Digital Coupons, Ads And More",shopping
"Dolphin Browser - Fast, Private & Adblock??",communication
DramaFever: Stream Asian Drama Shows & Movies,entertainment
DS Speedometer & Odometer,maps_and_navigation
DStv Now,entertainment
DT CLOTHINGS,shopping
DT Technologies,shopping
DTPay,shopping
DU Browser—Browse fast & fun,communication
DU Browser—Browse fast & fun,communication
Duolingo: Learn Languages Free,education
Duolingo: Learn Languages Free,education
Duolingo: Learn Languages Free,education
Duolingo: Learn Languages Free,education
DV Car Service,maps_and_navigation
DW Contacts & Phone & Dialer,communication
DX,shopping
"Dynavix - Navigation, Maps, Traffic data & Cameras",maps_and_navigation
DZ Mobile Market,shopping
DZ PROMOS - Promotions & Sale Alerts in Algeria,shopping
E.W. James & Sons,shopping
Ear Agent: Super Hearing,communication
EasyBib: Citation Generator,education
"Ebates: Cash Back, Coupons, Rewards & Savings",shopping
eBay Kleinanzeigen for Germany,shopping
eBay: Buy & Sell this Summer - Discover Deals Now!,shopping
eBay: Buy & Sell this Summer - Discover Deals Now!,shopping
eBay: Buy & Sell this Summer - Discover Deals Now!,shopping
eBay: Buy & Sell this Summer - Discover Deals Now!,shopping
eBay: Buy & Sell this Summer - Discover Deals Now!,shopping
Edmodo,education
"edX - Online Courses by Harvard, MIT & more",education
"edX - Online Courses by Harvard, MIT & more",education
efootwear.eu - online store,shopping
Eg Call,communication
EHiN-FH conferenceapp,communication
EHS Dongsen Shopping,shopping
ei,communication
EJ messenger,communication
Ek IRA,communication
Electric Car Charging Points: Ev charger Stations,maps_and_navigation
Elevate - Brain Training Games,education
ELMO EV Charging,maps_and_navigation
Email TypeApp - Mail App,communication
English Communication - Learn English for Chinese (Learn English for Chinese),education
English for beginners,education
English Grammar Test,education
English speaking texts,education
English with Lingualeo,education
English words application mikan,education
EO Mumbai,communication
EP Mobil,shopping
EP RSS Reader,communication
ePazar.bg,shopping
ePN Cashback AliExpress,shopping
ES-1,communication
Eshopcy.com.cy,shopping
Etsy: Handmade & Vintage Goods,shopping
Etsy: Handmade & Vintage Goods,shopping
EU Council,communication
EV Charging,maps_and_navigation
EV Connect,maps_and_navigation
EV Stations Hawaii,maps_and_navigation
Everbridge,communication
ExDialer - Dialer & Contacts,communication
ExDialer PRO Key,communication
Extreme Coupon Finder,shopping
Extreme Coupon Finder,shopping
Extreme Coupon Finder,shopping
EZ Wifi Notification,communication
Family Dollar,shopping
Fancy,shopping
Fancy,shopping
Fancy,shopping
Fandango Movies - Times + Tickets,entertainment
Fandango Movies - Times + Tickets,entertainment
FC Browser - Focus Privacy Browser,communication
FC Parking,maps_and_navigation
Feel Performer,communication
FidMe Loyalty Cards & Deals at Grocery Supermarket,shopping
Find Fast Food,shopping
Find&Save - Local Shopping,shopping
FindShip,maps_and_navigation
Firefox Browser fast & private,communication
Firefox Browser fast & private,communication
Firefox Browser fast & private,communication
Firefox Focus: The privacy browser,communication
Firefox Focus: The privacy browser,communication
Firefox Focus: The privacy browser,communication
"FirstCry Baby & Kids Shopping, Fashion & Parenting",shopping
Flame - ??? ???? ?????,education
Flipkart Online Shopping App,shopping
Flipkart Online Shopping App,shopping
Flipp - Weekly Shopping,shopping
Flipp - Weekly Shopping,shopping
Flippy Campus - Buy & sell on campus at a discount,education
FN Web Radio,communication
FNH Payment Info,communication
FO AIRBUS Nantes,communication
FO AIRBUS TLSE,communication
FO Interim,communication
FO OP St-Nazaire,communication
FO PSA Sept-Fons,communication
FO RCBT,communication
FO SODEXO,communication
FO STELIA Méaulte,communication
Food Network,entertainment
Food Network,entertainment
Foods Co,shopping
foody Cyprus - online ordering,shopping
FOX,entertainment
FOX,entertainment
FOX NOW - On Demand & Live TV,entertainment
FOX NOW - On Demand & Live TV,entertainment
FOX NOW - On Demand & Live TV,entertainment
FP Connect,communication
FP Legacy,maps_and_navigation
FP Live,communication
Free Adblocker Browser - Adblock & Popup Blocker,communication
FREE CHATS C.L.,communication
Free english course,education
Free GPS Navigation,maps_and_navigation
Free intellectual training game application |,education
free video calls and chat,communication
free video calls and chat,communication
free video calls and chat,communication
Free WiFi Connect,communication
Free Wi-fi HotspoT,communication
FreedomPop Messaging Phone/SIM,communication
Full Screen Caller ID,communication
Funny Pics,entertainment
Funny Quotes Free,entertainment
Fuzzy Numbers: Pre-K Number Foundation,education
Gainesville Bus Tracker,maps_and_navigation
Game for KIDS: KIDS match'em,education
GearBest Online Shopping,shopping
Ghostery Privacy Browser,communication
Girly Lock Screen Wallpaper with Quotes,entertainment
GITZ.bz,shopping
Glide - Video Chat Messenger,communication
Glide - Video Chat Messenger,communication
Gmail,communication
Gmail,communication
Gmail,communication
GMAT Math Flashcards,education
GMAT Question Bank,education
GMX Mail,communication
Go Go Coupons - Free Coupon and Discount,shopping
GO Notifier,communication
"GO SMS Pro - Messenger, Free Themes, Emoji",communication
Goodbox - Mega App,communication
Google Allo,communication
Google Allo,communication
Google Allo,communication
Google Chrome: Fast & Secure,communication
Google Chrome: Fast & Secure,communication
Google Chrome: Fast & Secure,communication
Google Classroom,education
Google Classroom,education
Google Classroom,education
Google Duo - High Quality Video Calls,communication
Google Duo - High Quality Video Calls,communication
Google Play Games,entertainment
Google Voice,communication
Google Voice,communication
Google Voice,communication
GPS Navigation & Offline Maps Sygic,maps_and_navigation
Gps Route Finder,maps_and_navigation
GPS Speedometer - Trip Meter - Altimeter,maps_and_navigation
GPS Speedometer and Odometer,maps_and_navigation
"GPS Speedometer, Distance Meter",maps_and_navigation
GPS Traffic Speedcam Route Planner by ViaMichelin,maps_and_navigation
GPS.AZ,maps_and_navigation
Grab Driver,maps_and_navigation
Grabo.bg,shopping
GRE Flashcards,education
GRE Prep & Practice by Magoosh,education
GRE Tutor,education
GRE® Flashcards by Kaplan,education
GroupMe,communication
"Groupon - Shop Deals, Discounts & Coupons",shopping
"Groupon - Shop Deals, Discounts & Coupons",shopping
"Groupon - Shop Deals, Discounts & Coupons",shopping
"Groupon - Shop Deals, Discounts & Coupons",shopping
GS SHOP,shopping
Gyft - Mobile Gift Card Wallet,shopping
Gyft - Mobile Gift Card Wallet,shopping
Gyft - Mobile Gift Card Wallet,shopping
H TV,entertainment
Ham DX Cluster & Spots Finder,communication
Ham Radio Prefixes,communication
Hamburg Transit - Offline HVV DB times and plans,maps_and_navigation
Hamilton — The Official App,entertainment
Hangouts,communication
Hangouts,communication
Hangouts,communication
Hangouts,communication
Hangouts Dialer - Call Phones,communication
Hangouts Dialer - Call Phones,communication
Harkins Theatres,entertainment
HauteLook,shopping
Have your say on Europe,communication
HBO GO: Stream with TV Package,entertainment
HBO NOW: Stream TV & Movies,entertainment
HBO NOW: Stream TV & Movies,entertainment
HBO NOW: Stream TV & Movies,entertainment
"HelloTalk — Chat, Speak & Learn Foreign Languages",education
"HelloTalk — Chat, Speak & Learn Foreign Languages",education
Hilverda De Boer B.V. App,shopping
HipChat - beta version,communication
HISTORY: Watch TV Show Full Episodes & Specials,entertainment
HISTORY: Watch TV Show Full Episodes & Specials,entertainment
HISTORY: Watch TV Show Full Episodes & Specials,entertainment
Hiya - Caller ID & Block,communication
Hlášenírozhlasu.cz,communication
Home & Shopping - Only in apps. 10% off + 10% off,shopping
HomeWork,education
Homework Planner,education
Hondata Mobile,maps_and_navigation
"Horn, free country requirements",shopping
Hotstar,entertainment
"Hulu: Stream TV, Movies & more",entertainment
"Hulu: Stream TV, Movies & more",entertainment
"Hulu: Stream TV, Movies & more",entertainment
hum app,maps_and_navigation
Hyundai CX Conference,communication
"Ibotta: Cash Back Savings, Rewards & Coupons App",shopping
"Ibotta: Cash Back Savings, Rewards & Coupons App",shopping
iCluster - The DX-Cluster database,communication
ICQ — Video Calls & Chat Messenger,communication
IKEA Store,shopping
IMDb Movies & TV,entertainment
IMDb Movies & TV,entertainment
IMDb Movies & TV,entertainment
"Imgur: Find funny GIFs, memes & watch viral videos",entertainment
imo beta free calls and text,communication
imo beta free calls and text,communication
imo free video calls and chat,communication
imo free video calls and chat,communication
imo free video calls and chat,communication
imo free video calls and chat,communication
Inbox.eu,communication
InBrowser - Incognito Browsing,communication
Innovative: Learn 34 Languages,education
Investigation Discovery GO,entertainment
ivi - movies and TV shows in HD,entertainment
ixigo Cabs-Compare & Book Taxi,maps_and_navigation
IZ2UUF Morse Koch CW,communication
J Alvarej Moji,communication
Jabong Online Shopping App,shopping
JackThreads: Men's Shopping,shopping
JackThreads: Men's Shopping,shopping
JackThreads: Men's Shopping,shopping
Japanese / English one-shop search dictionary - Free Japanese - English - Japanese dictionary application,education
Jazz Wi-Fi,communication
Jeppesen CR Flight Computer,maps_and_navigation
Jiji.ng,shopping
"Jingdong - pick good things, go to Jingdong",shopping
JuiceNet - Smart EV Charging,maps_and_navigation
Jumia online shopping,shopping
JusTalk - Free Video Calls and Fun Video Chat,communication
K-@ Mail - Email App,communication
K-@ Mail Pro - Email App,communication
K-9 Mail,communication
K-9 Material (unofficial),communication
KakaoTalk: Free Calls & Text,communication
KakaoTalk: Free Calls & Text,communication
KakaoTalk: Free Calls & Text,communication
Kanji test · Han search Kanji training (free version),education
Karta GPS - Offline Navigation,maps_and_navigation
Katalogen.ax,communication
Key Ring: Cards Coupon & Sales,shopping
Khan Academy,education
Khan Academy,education
Khan Academy,education
Kidjo TV Kids Have Fun & Learn,entertainment
Kids Learn Languages by Mondly,education
Kids Mode,education
Kik,communication
Koch Morse Trainer Pro,communication
"Kohl's: Scan, Shop, Pay & Save",shopping
Krazy Coupon Lady,shopping
Kroger,shopping
La La-Shop Designer Brands Street,shopping
Lalafo Pulsuz Elanlar,shopping
Laugh Out Loud by Kevin Hart,entertainment
Lazada - Online Shopping & Deals,shopping
Learn 50 languages,education
Learn 50 languages,education
Learn C++,education
Learn English for beginners,education
Learn English from Persian: Persian to English,education
Learn English with Aco,education
Learn English with Phrases,education
Learn English with Wlingua,education
Learn English with Wlingua,education
Learn English Words Free,education
Learn HTML,education
"Learn Japanese, Korean, Chinese Offline & Free",education
Learn Java,education
Learn JavaScript,education
"Learn languages, grammar & vocabulary with Memrise",education
"Learn languages, grammar & vocabulary with Memrise",education
"Learn languages, grammar & vocabulary with Memrise",education
"Learn languages, grammar & vocabulary with Memrise",education
Learn Morse Code - G0HYN Learn Morse,communication
Learn programming,education
Learn Spanish - Español,education
Learn SQL,education
Learn to Speak English,education
LEGO® TV,entertainment
Lerni. Learn languages.,education
"letgo: Buy & Sell Used Stuff, Cars & Real Estate",shopping
"letgo: Buy & Sell Used Stuff, Cars & Real Estate",shopping
Life market,shopping
Lifetime - Watch Full Episodes & Original Movies,entertainment
Lifetime - Watch Full Episodes & Original Movies,entertainment
Lifetime - Watch Full Episodes & Original Movies,entertainment
LightInTheBox Online Shopping,shopping
Lightning Web Browser,communication
LINE: Free Calls & Messages,communication
LINE: Free Calls & Messages,communication
LINE: Free Calls & Messages,communication
LinkedIn Learning: Online Courses to Learn Skills,education
Listen and learn English in seven days,education
Lite for Facebook Messenger,communication
LivingSocial - Local Deals,shopping
LivingSocial - Local Deals,shopping
LivingSocial - Local Deals,shopping
LokLok: Draw on a Lock Screen,communication
LOL Pics (Funny Pictures),entertainment
Lotte Home Shopping LOTTE Homeshopping,shopping
love sms good morning,communication
Low Poly – Puzzle art game,entertainment
Lumosity: #1 Brain Games & Cognitive Training App,education
Lumosity: #1 Brain Games & Cognitive Training App,education
Lynda - Online Training Videos,education
Lynda - Online Training Videos,education
M star Dialer,communication
m:go BiH,communication
Magazine Luiza Online Shopping,shopping
Magoosh GMAT Prep & Practice,education
mail.co.uk Mail,communication
mail.com mail,communication
Mail.Ru - Email App,communication
Mail1Click - Secure Mail,communication
Mango Languages: Lovable Language Courses,education
Mango Languages: Lovable Language Courses,education
Map and Router Badge,maps_and_navigation
Map Coordinates,maps_and_navigation
"Mappy - Plan, route comparison, GPS",maps_and_navigation
"MapQuest: Directions, Maps, GPS & Navigation",maps_and_navigation
Maps & GPS Navigation — OsmAnd,maps_and_navigation
Maps & GPS Navigation — OsmAnd,maps_and_navigation
"Maps, GPS Navigation & Directions, Street View",maps_and_navigation
Mapy.cz - Cycling & Hiking offline maps,maps_and_navigation
Mapy.cz - Cycling & Hiking offline maps,maps_and_navigation
Marcus Theatres,entertainment
MARKET FO,communication
Math Tricks,education
MBTA GPS - Track the T,maps_and_navigation
MegaFon Dashboard,communication
MEGOGO - Cinema and TV,entertainment
Meme Creator,entertainment
Meme Generator,entertainment
Memorado - Brain Games,education
Mercado Libre: Find your favorite brands,shopping
Mercari: The Selling App,shopping
Mermaids,education
"Messaging+ SMS, MMS Free",communication
Messenger – Text and Video Chat for Free,communication
Messenger – Text and Video Chat for Free,communication
Messenger – Text and Video Chat for Free,communication
Messenger for SMS,communication
Messenger Lite: Free Calls & Messages,communication
Messenger Lite: Free Calls & Messages,communication
Microsoft Edge,communication
Microsoft Edge,communication
MiniInTheBox Online Shopping,shopping
Mircules DX Cluster Lite,communication
Mobile TV,entertainment
Modcloth – Unique Indie Women's Fashion & Style,shopping
Modcloth – Unique Indie Women's Fashion & Style,shopping
Monster Truck Driver & Racing,education
Moovit: Bus Time & Train Time Live Info,maps_and_navigation
Moovit: Bus Time & Train Time Live Info,maps_and_navigation
Morse Code Reader,communication
Morse Decoder for Ham Radio,communication
Morse Machine for Ham Radio,communication
Morse Trainer for Ham Radio,communication
Motorola Spotlight Player™,entertainment
"Movies by Flixster, with Rotten Tomatoes",entertainment
"Movies by Flixster, with Rotten Tomatoes",entertainment
"Movies by Flixster, with Rotten Tomatoes",entertainment
Mr. Number-Block calls & spam,communication
MTV,entertainment
MTV,entertainment
My BF App,communication
My Class Schedule: Timetable,education
My Class Schedule: Timetable,education
My College Bookstore,shopping
My G:,maps_and_navigation
"My Location: GPS Maps, Share & Save Places",maps_and_navigation
My magenta,communication
My Study Life - School Planner,education
My Talking Pet,entertainment
My Tele2,communication
My Vodacom SA,communication
My Vodafone (GR),communication
myHomework Student Planner,education
"myMail – Email for Hotmail, Gmail and Outlook Mail",communication
Myntra Online Shopping App,shopping
mysms SMS Text Messaging Sync,communication
MYTO CZ,maps_and_navigation
National Rail Enquiries,maps_and_navigation
NAVITIME - Map & Transfer Navi,maps_and_navigation
NAVITIME Bus Transit JAPAN,maps_and_navigation
N-Com Wizard,communication
Netflix,entertainment
Netflix,entertainment
Netflix,entertainment
Netflix,entertainment
NeuroNation - Focus and Brain Training,education
Newegg Mobile,shopping
Newegg Mobile,shopping
"Newton Mail - Email App for Gmail, Outlook, IMAP",communication
Next Gen Science Standards,education
NEXTCHARGE - Charging Stations,maps_and_navigation
Nick,entertainment
Nick,entertainment
Nick,entertainment
Nick,entertainment
Nick Jr. - Shows & Games,entertainment
Nike,shopping
Ninesky Browser,communication
No.Draw - Colors by Number 2018,entertainment
Nordstrom,shopping
O Shopping,shopping
ÖBB Scotty,maps_and_navigation
Of the wall Arapaho bk,communication
OfferUp - Buy. Sell. Offer Up,shopping
Offline Jízdní ?ády CG Transit,maps_and_navigation
Oklahoma Ag Co-op Council,communication
OLX - Buy and Sell,shopping
OLX Uganda Sell Buy Cellphones,shopping
Omlet Chat,communication
Opera Browser: Fast and Secure,communication
Opera Browser: Fast and Secure,communication
Opera Browser: Fast and Secure,communication
Opera Mini - fast web browser,communication
Opera Mini - fast web browser,communication
Opera Mini - fast web browser,communication
Opera Mini browser beta,communication
Orfox: Tor Browser for Android,communication
Ouedkniss,shopping
"Overstock – Home Decor, Furniture Shopping",shopping
"Overstock – Home Decor, Furniture Shopping",shopping
Paris ci la Sortie du Métro,maps_and_navigation
payermonstationnement.fr,maps_and_navigation
PBS KIDS Video,education
Peak – Brain Games & Training,education
"Peers.TV: broadcast TV channels First, Match TV, TNT ...",entertainment
Penny Finder,shopping
PHONE for Google Voice & GTalk,communication
PINKFONG Baby Shark,education
PlacarTv Futebol Ao Vivo,communication
Plan B,maps_and_navigation
"play2prep: ACT, SAT prep",education
PlayKids - Educational cartoons and games for kids,entertainment
PlayStation App,entertainment
PlugShare,maps_and_navigation
Pluto TV - It’s Free TV,entertainment
Pocket GMAT Math,education
Pocket Prefix Plus,communication
Pocket SAT Math,education
Portable Wi-Fi hotspot,communication
Portable Wi-Fi hotspot Free,communication
Portable Wi-Fi hotspot Premium,communication
Poshmark - Buy & Sell Fashion,shopping
Poshmark - Buy & Sell Fashion,shopping
Posta App,maps_and_navigation
Postings (Craigslist Search App),shopping
postit.bm,shopping
Power Plug EV charger,maps_and_navigation
pretty Easy privacy p?p,communication
Princess Coloring Book,education
Pro App for Craigslist,shopping
Programi podrške EU,communication
"Programming Hub, Learn to code",education
Psiphon Pro - The Internet Freedom VPN,communication
Puffin Browser Pro,communication
Puffin Web Browser,communication
Puffin Web Browser,communication
Puffin Web Browser,communication
QRZ Assistant,communication
Q-Ticketing,maps_and_navigation
Quiz&Learn Python,education
Quizlet: Learn Languages & Vocab with Flashcards,education
Quizlet: Learn Languages & Vocab with Flashcards,education
Quizlet: Learn Languages & Vocab with Flashcards,education
Quizlet: Learn Languages & Vocab with Flashcards,education
R Studio,shopping
Radarbot Free: Speed Camera Detector & Speedometer,maps_and_navigation
Radio Javan,entertainment
Rádio Sol Nascente DF,communication
Rail Planner Eurail/Interrail,maps_and_navigation
Ratings by Consumer Reports,shopping
Ready4 GMAT (Prep4 GMAT),education
Ready4 SAT (Prep4 SAT),education
ReadyOp DT,communication
"Real Estate, Car, Shopping and Others",shopping
Receipt Hog - Receipts to Cash,shopping
"Red Bull TV: Live Sports, Music & Entertainment",entertainment
Red Transporte DF,maps_and_navigation
Redbox,entertainment
Regal Cinemas,entertainment
REI – Shop Outdoor Gear,shopping
Remind: School Communication,education
Remix Second Hand,shopping
Remote EX for NISSAN,communication
"RetailMeNot - Coupons, Deals & Discount Shopping",shopping
"RetailMeNot - Coupons, Deals & Discount Shopping",shopping
"RetailMeNot - Coupons, Deals & Discount Shopping",shopping
retteMi.ch,communication
ricardo.ch,shopping
Ring,communication
Robin - AI Voice Assistant,maps_and_navigation
RocketDial Dialer & Contacts,communication
ROMWE - Women's Fashion,shopping
Rosetta Stone: Learn to Speak & Read New Languages,education
Rosetta Stone: Learn to Speak & Read New Languages,education
Rosetta Stone: Learn to Speak & Read New Languages,education
Rosetta Stone: Learn to Speak & Read New Languages,education
Rossmann PL,shopping
Safest Call Blocker,communication
Sago Mini Hat Maker,education
Sam's Club: Wholesale Shopping & Instant Savings,shopping
SAT Flashcards: Prep & Vocabulary,education
SAT Test,education
SAT Vocabulary,education
Sat-Fi,communication
Sat-Fi Voice,communication
Save.ca,shopping
SavingStar - Grocery Coupons,shopping
"Savory - Deals,Freebies,Sales",shopping
SBB Mobile,maps_and_navigation
Schulman B.V.,shopping
Sentin Information Map,maps_and_navigation
SeriesGuide – Show & Movie Manager,entertainment
Seznam.cz,communication
Sharaf DG,shopping
Shop 'n Save,shopping
Shopee - No. 1 Online Shopping,shopping
Shopee: No.1 Belanja Online,shopping
Shopee: No.1 Online Shopping,shopping
Shopfully - Weekly Ads & Deals,shopping
"Shopkick: Free Gift Cards, Shop Rewards & Deals",shopping
"Shopkick: Free Gift Cards, Shop Rewards & Deals",shopping
Shopping List S PRO,shopping
ShopSavvy Barcode & QR Scanner,shopping
"Shopular: Coupons, Weekly Ads & Shopping Deals",shopping
"Shopular: Coupons, Weekly Ads & Shopping Deals",shopping
Should I Answer?,communication
SHOWTIME,entertainment
SHOWTIME,entertainment
Showtime Anytime,entertainment
"Shrimp skin shopping: spend less, buy better",shopping
SketchBook - draw and paint,entertainment
Skype - free IM & video calls,communication
Skype - free IM & video calls,communication
Skype - free IM & video calls,communication
Skype Lite - Free Video Call & Chat,communication
Slice: Package Tracker,shopping
Slickdeals: Coupons & Shopping,shopping
Slickdeals: Coupons & Shopping,shopping
Slickdeals: Coupons & Shopping,shopping
Smart Wi-Fi Hotspot PRO,communication
Šmelina .cz inzeráty inzerce,shopping
SMS Sender - sluzba.cz,communication
Snapp,maps_and_navigation
SnipSnap Coupon App,shopping
SnipSnap Coupon App,shopping
Socratic - Math Answers & Homework Help,education
Socratic - Math Answers & Homework Help,education
Socrative Teacher,education
SolMail - All-in-One email app,communication
SoloLearn: Learn to Code for Free,education
Soviet Military Maps Free,maps_and_navigation
Spectrum TV,entertainment
Speed Camera Radar,maps_and_navigation
Speed Cameras Radar,maps_and_navigation
SPEED L,shopping
Speed Reading,education
StarTimes - Live International Champions Cup,entertainment
STARZ,entertainment
STARZ,entertainment
STARZ,entertainment
Sticker Market: Emoji keyboard,entertainment
Stocard - Rewards Cards Wallet,shopping
Stocard - Rewards Cards Wallet,shopping
Strætó.is,maps_and_navigation
Strava.cz,shopping
Study Checker,education
Subway Terminator: Smarter Subway,maps_and_navigation
Südtirol2Go,maps_and_navigation
SW-100.tch by Callstel,communication
Sygic Car Navigation,maps_and_navigation
Sync.ME – Caller ID & Block,communication
"T map (te map, T map, navigation)",maps_and_navigation
"Talkatone: Free Texts, Calls & Phone Number",communication
"Talkatone: Free Texts, Calls & Phone Number",communication
"Talkie - Wi-Fi Calling, Chats, File Sharing",communication
"Talkie Pro - Wi-Fi Calling, Chats, File Sharing",communication
Talking Angela,entertainment
Talking Ben the Dog,entertainment
Talking Ginger 2,entertainment
Talkray - Free Calls & Texts,communication
Talkray - Free Calls & Texts,communication
Target - now with Cartwheel,shopping
Target - now with Cartwheel,shopping
Target - now with Cartwheel,shopping
TattooSupplies.eu,shopping
Táxi Nacional BR,maps_and_navigation
Teacher's Gradebook - Additio,education
TeachersPayTeachers,education
TED,education
TED,education
TED,education
Telegram,communication
Telegram,communication
Telegram,communication
Telemundo Now,entertainment
Telemundo Now,entertainment
Tenh Ey,shopping
Test Server SMS FA,communication
Text SMS,communication
THAI DICT 2018,education
Thai Handwriting,education
The birth,shopping
The Coupons App,shopping
The Coupons App,shopping
The Coupons App,shopping
The Coupons App,shopping
The CW,entertainment
The CW,entertainment
The CW,entertainment
The green alien dance,entertainment
The Home Depot,shopping
The NBC App - Watch Live TV and Full Episodes,entertainment
The wall,shopping
Threema,communication
Timetable,education
Tiny Call Confirm,communication
T-Mobile DIGITS,communication
Toca Life: City,education
Toca Life: Hospital,education
TOEFL Prep & Practice from Magoosh,education
TomTom GPS Navigation Traffic,maps_and_navigation
Tophatter - 90 Second Auctions,shopping
TouchPal Keyboard - Fun Emoji & Android Keyboard,communication
Tour BD (Bahir Dar Map),maps_and_navigation
tournaments and more.aj.2,communication
TownWiFi | Wi-Fi Everywhere,communication
TracFone My Account,communication
Traffic Info and Traffic Alert,maps_and_navigation
Traffic signs BD,communication
Trailer Addict Movie Trailers,entertainment
Training schedule - AllUniver,education
TrainPal EU- Book German Train Tickets,maps_and_navigation
Transit: Real-Time Transit App,maps_and_navigation
Transit: Real-Time Transit App,maps_and_navigation
Transport DK,maps_and_navigation
Tribeca Shortlist - Handpicked Movies,entertainment
"Truck Car Navi by Navitime Large size car, traffic jam, traffic closure, live camera, typhoon / precipitation map",maps_and_navigation
Truck Chat & CB for Truckers,maps_and_navigation
Trucker Path – Truck Stops & Weigh Stations,maps_and_navigation
True Contact - Real Caller ID,communication
"Truecaller: Caller ID, SMS spam blocking & Dialer",communication
"Truecaller: Caller ID, SMS spam blocking & Dialer",communication
Tubi TV - Free Movies & TV,entertainment
Tubi TV - Free Movies & TV,entertainment
Tubi TV - Free Movies & TV,entertainment
tutti.ch - Free Classifieds,shopping
TV+,entertainment
"Twice: Buy, Sell Clothing",shopping
Twitch: Livestream Multiplayer Games & Esports,entertainment
"U - Webinars, Meetings & Messenger",communication
Uber,maps_and_navigation
Uber,maps_and_navigation
UC Browser - Fast Download Private & Secure,communication
UC Browser - Fast Download Private & Secure,communication
UC Browser - Fast Download Private & Secure,communication
UC Browser Mini -Tiny Fast Private & Secure,communication
UC Browser Mini -Tiny Fast Private & Secure,communication
UC Browser Mini -Tiny Fast Private & Secure,communication
Udacity - Lifelong Learning,education
Udacity - Lifelong Learning,education
Udemy - Online Courses,education
Udemy - Online Courses,education
Udemy - Online Courses,education
Universal Kids,entertainment
Univision NOW - Live TV and On Demand,entertainment
Univision NOW - Live TV and On Demand,entertainment
Urban Outfitters,shopping
VH1,entertainment
VH1,entertainment
VH1,entertainment
Viber Messenger,communication
Viber Messenger,communication
Viber Messenger,communication
Viber Messenger,communication
Viber Messenger,communication
Video Caller Id,communication
Vienna U-Bahn,maps_and_navigation
Vigo Lite,entertainment
Viki: Asian TV Dramas & Movies,entertainment
Viki: Asian TV Dramas & Movies,entertainment
Viki: Asian TV Dramas & Movies,entertainment
Virtual Walkie Talkie,communication
Vonage Mobile® Call Video Text,communication
Voxer Walkie Talkie Messenger,communication
"VRV: Anime, game videos & more",entertainment
Vudu Movies & TV,entertainment
Walmart,shopping
Walmart,shopping
Wanelo Shopping,shopping
Wanelo Shopping,shopping
Wayfair - Shop All Things Home,shopping
"Waze - GPS, Maps, Traffic Alerts & Live Navigation",maps_and_navigation
"Waze - GPS, Maps, Traffic Alerts & Live Navigation",maps_and_navigation
Web Browser,communication
Web Browser & Explorer,communication
Web Browser for Android,communication
Web Browser for Android,communication
WEB.DE Mail,communication
WeChat,communication
WeChat,communication
WeChat,communication
WeChat,communication
WeFi - Free Fast WiFi Connect & Find Wi-Fi Map,communication
Wemep - Special price representative (special / shopping / shopping app / coupon / shipping),shopping
WhatsApp Business,communication
WhatsApp Business,communication
WhatsApp Messenger,communication
WhatsApp Messenger,communication
WhatsApp Messenger,communication
WhatsCall Free Global Phone Call App & Cheap Calls,communication
Who,communication
Who,communication
Whoscall - Caller ID & Block,communication
Whoscall - Caller ID & Block,communication
WICShopper,shopping
WiFi Access Point (hotspot),communication
Wi-Fi Auto-connect,communication
WiFi Tether Router,communication
Wish - Shopping Made Fun,shopping
Wish - Shopping Made Fun,shopping
Wish - Shopping Made Fun,shopping
Wish - Shopping Made Fun,shopping
Wish - Shopping Made Fun,shopping
WWE,entertainment
X Browser,communication
Xperia Link™,communication
Yahoo Mail – Stay Organized,communication
Yahoo Mail – Stay Organized,communication
Yahoo Mail – Stay Organized,communication
"Yahoo! transit guide free timetable, operation information, transfer search",maps_and_navigation
Yandex.Trains,maps_and_navigation
Yandex.Transport,maps_and_navigation
"Yanosik: ""antyradar"", traffic jams, navigation, camera",maps_and_navigation
Yidio: TV Show & Movie Guide,entertainment
Your Freedom VPN Client,communication
YouTube Gaming,entertainment
YouTube Kids,entertainment
Z PIVOT,communication
Zalo – Video Call,communication
ZALORA Fashion Shopping,shopping
ZALORA Fashion Shopping,shopping
Zap-Map: EV charging points UK,maps_and_navigation
Zappos – Shoe shopping made simple,shopping
Zappos – Shoe shopping made simple,shopping
ZenUI Dialer & Contacts,communication
Ziggo GO,entertainment
zulily - Shop Daily Deals in Fashion and Home,shopping
